Time,Q1 Weekday (Jan-Mar) Sunset ~1745,Q1 Weekend (Jan-Mar),Q2 Weekday (Apr-Jun) Sunset ~1930,Q2 Weekend (Apr-Jun),Q3 Weekday (Jul-Sep) Sunset ~1945,Q3 Weekend (Jul-Sep),Q4 Weekday (Oct-Dec) Sunset ~1715,Q4 Weekend (Oct-Dec)
0400,Wake + Hydrate,Wake + Hydrate,Wake + Hydrate,Wake + Hydrate,Wake + Hydrate,Wake + Hydrate,Wake + Hydrate,Wake + Hydrate
0415,Workout (Bike / Dumbbells),Bike (Light Warmup),Workout (Bike / Dumbbells),Bike (Light Warmup),Workout (Bike / Dumbbells),Bike (Light Warmup),Workout (Bike / Dumbbells),Bike (Light Warmup)
0430,Workout (Bike / Dumbbells),Bike (Light Warmup),Workout (Bike / Dumbbells),Bike (Light Warmup),Workout (Bike / Dumbbells),Bike (Light Warmup),Workout (Bike / Dumbbells),Bike (Light Warmup)
0445,Workout (Bike / Dumbbells),Pack Gear + Camera,Workout (Bike / Dumbbells),Pack Gear + Camera,Workout (Bike / Dumbbells),Pack Gear + Camera,Workout (Bike / Dumbbells),Pack Gear + Camera
0500,Cool Down + Stretch,Shower + Get Ready,Cool Down + Stretch,Shower + Get Ready,Cool Down + Stretch,Shower + Get Ready,Cool Down + Stretch,Shower + Get Ready
0515,Shower + Get Ready,Drive to Spot,Shower + Get Ready,Drive to Spot,Shower + Get Ready,Drive to Spot,Shower + Get Ready,Drive to Spot
0520,Leave House,Drive to Spot,Leave House,Drive to Spot,Leave House,Drive to Spot,Leave House,Drive to Spot
0530,Commute,Sunrise Photos — Coronado Beach,Commute,Sunrise Photos — Coronado Beach,Commute,Sunrise Photos — Coronado Beach,Commute,Sunrise Photos — Coronado Beach
0545,Work,Sunrise Photos — Coronado Beach,Work,Sunrise Photos — Coronado Beach,Work,Sunrise Photos — Coronado Beach,Work,Sunrise Photos — Coronado Beach
0600,Work,Photos — Coronado / Hotel Del,Work,Photos — Coronado / Hotel Del,Work,Photos — Coronado / Hotel Del,Work,Photos — Coronado / Hotel Del
0615,Work,Photos — Coronado / Hotel Del,Work,Photos — Coronado / Hotel Del,Work,Photos — Coronado / Hotel Del,Work,Photos — Coronado / Hotel Del
0630,Work,Drive to Cabrillo (25 min),Work,Drive to Cabrillo (25 min),Work,Drive to Cabrillo (25 min),Work,Drive to Cabrillo (25 min)
0645,Work,Drive to Cabrillo,Work,Drive to Cabrillo,Work,Drive to Cabrillo,Work,Drive to Cabrillo
0700,Work,Hike + Photos — Cabrillo Tidepools,Work,Hike + Photos — Cabrillo Tidepools,Work,Hike + Photos — Cabrillo Tidepools,Work,Hike + Photos — Cabrillo Tidepools
0715,Work,Hike + Photos — Cabrillo Tidepools,Work,Hike + Photos — Cabrillo Tidepools,Work,Hike + Photos — Cabrillo Tidepools,Work,Hike + Photos — Cabrillo Tidepools
0730,Work,Hike + Photos — Cabrillo Lighthouse,Work,Hike + Photos — Cabrillo Lighthouse,Work,Hike + Photos — Cabrillo Lighthouse,Work,Hike + Photos — Cabrillo Lighthouse
0745,Work,Hike + Photos — Cabrillo Lighthouse,Work,Hike + Photos — Cabrillo Lighthouse,Work,Hike + Photos — Cabrillo Lighthouse,Work,Hike + Photos — Cabrillo Lighthouse
0800,Work,Photos — Point Loma Views,Work,Photos — Point Loma Views,Work,Photos — Point Loma Views,Work,Photos — Point Loma Views
0815,Work,Drive to Sunset Cliffs (10 min),Work,Drive to Sunset Cliffs (10 min),Work,Drive to Sunset Cliffs (10 min),Work,Drive to Sunset Cliffs (10 min)
0830,Work,Explore + Photos — Sunset Cliffs,Work,Explore + Photos — Sunset Cliffs,Work,Explore + Photos — Sunset Cliffs,Work,Explore + Photos — Sunset Cliffs
0845,Work,Explore + Photos — Sunset Cliffs,Work,Explore + Photos — Sunset Cliffs,Work,Explore + Photos — Sunset Cliffs,Work,Explore + Photos — Sunset Cliffs
0900,Work,Photos — Ocean Beach Pier (5 min),Work,Photos — Ocean Beach Pier (5 min),Work,Photos — Ocean Beach Pier (5 min),Work,Photos — Ocean Beach Pier (5 min)
0915,Work,Photos — Ocean Beach Pier,Work,Photos — Ocean Beach Pier,Work,Photos — Ocean Beach Pier,Work,Photos — Ocean Beach Pier
0930,Work,Drive to Balboa Park (20 min),Work,Drive to Balboa Park (20 min),Work,Drive to Balboa Park (20 min),Work,Drive to Balboa Park (20 min)
0945,Work,Drive to Balboa Park,Work,Drive to Balboa Park,Work,Drive to Balboa Park,Work,Drive to Balboa Park
1000,Work,Explore + Photos — Balboa Park Gardens,Work,Explore + Photos — Balboa Park Gardens,Work,Explore + Photos — Balboa Park Gardens,Work,Explore + Photos — Balboa Park Gardens
1015,Work,Explore + Photos — Balboa Park,Work,Explore + Photos — Balboa Park,Work,Explore + Photos — Balboa Park,Work,Explore + Photos — Balboa Park
1030,Work,Photos — Balboa Park Architecture,Work,Photos — Balboa Park Architecture,Work,Photos — Balboa Park Architecture,Work,Photos — Balboa Park Architecture
1045,Work,Photos — Balboa Park Architecture,Work,Photos — Balboa Park Architecture,Work,Photos — Balboa Park Architecture,Work,Photos — Balboa Park Architecture
1100,Work,Lunch — Hillcrest / North Park,Work,Lunch — Hillcrest / North Park,Work,Lunch — Hillcrest / North Park,Work,Lunch — Hillcrest / North Park
1115,Work,Lunch + Snap Food Photos,Work,Lunch + Snap Food Photos,Work,Lunch + Snap Food Photos,Work,Lunch + Snap Food Photos
1130,Work,Drive to Torrey Pines (35 min),Work,Drive to Torrey Pines (35 min),Work,Drive to Torrey Pines (35 min),Work,Drive to Torrey Pines (35 min)
1145,Work,Drive to Torrey Pines,Work,Drive to Torrey Pines,Work,Drive to Torrey Pines,Work,Drive to Torrey Pines
1200,Work,Hike + Photos — Torrey Pines Reserve,Work,Hike + Photos — Torrey Pines Reserve,Work,Hike + Photos — Torrey Pines Reserve,Work,Hike + Photos — Torrey Pines Reserve
1215,Work,Hike + Photos — Torrey Pines Reserve,Work,Hike + Photos — Torrey Pines Reserve,Work,Hike + Photos — Torrey Pines Reserve,Work,Hike + Photos — Torrey Pines Reserve
1230,Work,Hike + Photos — Torrey Pines Beach,Work,Hike + Photos — Torrey Pines Beach,Work,Hike + Photos — Torrey Pines Beach,Work,Hike + Photos — Torrey Pines Beach
1245,Work,Hike + Photos — Torrey Pines Beach,Work,Hike + Photos — Torrey Pines Beach,Work,Hike + Photos — Torrey Pines Beach,Work,Hike + Photos — Torrey Pines Beach
1300,Work,Photos — Torrey Pines Overlook,Work,Photos — Torrey Pines Overlook,Work,Photos — Torrey Pines Overlook,Work,Photos — Torrey Pines Overlook
1315,Work,Drive to La Jolla (10 min),Work,Drive to La Jolla (10 min),Work,Drive to La Jolla (10 min),Work,Drive to La Jolla (10 min)
1330,Work,Explore + Photos — La Jolla Cove,Work,Explore + Photos — La Jolla Cove,Work,Explore + Photos — La Jolla Cove,Work,Explore + Photos — La Jolla Cove
1345,Work,Explore + Photos — La Jolla Seals,Work,Explore + Photos — La Jolla Seals,Work,Explore + Photos — La Jolla Seals,Work,Explore + Photos — La Jolla Seals
1400,Work,Photos — La Jolla Shores,Work,Photos — La Jolla Shores,Work,Photos — La Jolla Shores,Work,Photos — La Jolla Shores
1415,Work,Photos — La Jolla Coast Walk,Work,Photos — La Jolla Coast Walk,Work,Photos — La Jolla Coast Walk,Work,Photos — La Jolla Coast Walk
1430,Work,Photos — La Jolla Cliffs,Work,Photos — La Jolla Cliffs,Work,Photos — La Jolla Cliffs,Work,Photos — La Jolla Cliffs
1445,Work,Golden Hour Photos — La Jolla,Work,Golden Hour Photos — La Jolla,Work,Golden Hour Photos — La Jolla,Work,Golden Hour Photos — La Jolla
1500,Work,Golden Hour Photos — La Jolla,Work,Golden Hour Photos — La Jolla,Work,Golden Hour Photos — La Jolla,Work,Golden Hour Photos — La Jolla
1515,Work,Golden Hour Photos — La Jolla,Work,Golden Hour Photos — La Jolla,Work,Golden Hour Photos — La Jolla,Work,Golden Hour Photos — La Jolla
1530,Work,Golden Hour Photos — La Jolla,Work,Golden Hour Photos — La Jolla,Work,Golden Hour Photos — La Jolla,Work,Golden Hour Photos — La Jolla
1545,Work,Sunset Photos — La Jolla,Work,Golden Hour Photos — La Jolla,Work,Golden Hour Photos — La Jolla,Work,Sunset Photos — La Jolla
1600,Commute Home,Sunset Photos — La Jolla,Commute Home,Golden Hour Photos — La Jolla,Commute Home,Golden Hour Photos — La Jolla,Commute Home,Sunset Photos — La Jolla
1615,Commute Home,Sunset Photos — La Jolla,Commute Home,Golden Hour Photos — La Jolla,Commute Home,Golden Hour Photos — La Jolla,Commute Home,Post Best Shot + Drive Home
1630,Commute Home,Post Best Shot + Drive Home,Commute Home,Golden Hour Photos — La Jolla,Commute Home,Golden Hour Photos — La Jolla,Commute Home,Drive Home
1645,Home + Eat Burrito + Grab Camera,Drive Home (35 min),Home + Eat Burrito + Grab Camera,Golden Hour Photos — La Jolla,Home + Eat Burrito + Grab Camera,Golden Hour Photos — La Jolla,Home + Eat Burrito,Drive Home
1700,Drive to Photo Spot (10 min),Drive Home,Drive to Photo Spot (10 min),Sunset Photos — La Jolla,Drive to Photo Spot (10 min),Sunset Photos — La Jolla,Catch Last Light — Nearest Spot (5 min),Home — Bed — Sleep
1715,Golden Hour Photos,Home — Bed — Sleep,Golden Hour Photos,Sunset Photos — La Jolla,Golden Hour Photos,Sunset Photos — La Jolla,Sun Drops — Post Shot + Drive Home,Sleep
1730,Sunset Photos — Post Best Shot,Sleep,Golden Hour Photos,Post Best Shot + Drive Home,Golden Hour Photos,Post Best Shot + Drive Home,Home — Bed — Sleep,Sleep
1745,Sun Drops — Drive Home,Sleep,Golden Hour Photos,Drive Home (35 min),Golden Hour Photos,Drive Home (35 min),Sleep,Sleep
1800,Home — Bed — Sleep,Sleep,Golden Hour Photos,Drive Home,Golden Hour Photos,Drive Home,Sleep,Sleep
1815,Sleep,Sleep,Golden Hour Photos,Drive Home,Golden Hour Photos,Drive Home,Sleep,Sleep
1830,Sleep,Sleep,Sunset Photos,Home — Bed — Sleep,Sunset Photos,Home — Bed — Sleep,Sleep,Sleep
1845,Sleep,Sleep,Sunset Photos,Sleep,Sunset Photos,Sleep,Sleep,Sleep
1900,Sleep,Sleep,Post Best Shot,Sleep,Sunset Photos,Sleep,Sleep,Sleep
1915,Sleep,Sleep,Sun Drops — Drive Home,Sleep,Post Best Shot,Sleep,Sleep,Sleep
1930,Sleep,Sleep,Home — Bed — Sleep,Sleep,Sun Drops — Drive Home,Sleep,Sleep,Sleep
1945,Sleep,Sleep,Sleep,Sleep,Home — Bed — Sleep,Sleep,Sleep,Sleep
2000,Sleep,Sleep,Sleep,Sleep,Sleep,Sleep,Sleep,Sleep
